Subject Number ,Handedness,Hand,Subject,1-Chlorononane,1-nonanol,1-Octadecene,"2,4-Diisopropylphenol",alpha-amylcinnamaldehyde,alpha-hexylcinnameldehyde,Benzophenone,Decanal,Dibutyl Phthalate,Dodecanoic acid,heptadecane,Hexadecane ,Hexyl salicylate,Isopropyl Myristate,Methyl Decanoate,Methyl palmitate,Napthalene,Nonanal,Octadecane,Pentadecane,Pristane,Tetradecane,Tetradecanoic acid,Undecanoic Acid,Isopropyl Palmitate,Isoamyl Salicylate,Decanoic Acid,Octacosane,Diversity
M3-100818-LH,R,L,1,0,0.624539413,0,0,0,0,0,4.374315084,0,4.950224944,1.768834483,1.026703544,0,0.917735818,0,1.042140868,0,1.572408088,1.999205977,0,0.663281631,0,2.347639133,0,0.750516691,0,0,0,13
M3-100818-RH,R,R,1,0,0.590085747,0,0,0,0,0,3.967214599,0,1.968335417,0.830364497,0,0,0.96694095,5.692058605,0.818620867,0,1.549834559,0.956281116,0,0,0,1.810393546,0,0.606584414,0,0,0,12
M13-100818-LH,R,L,2,0,0,0,0,0,0,0,3.694289725,0,1.157115548,1.318914423,0.856292558,0,2.933674633,0,0.413978166,0,1.933915441,1.136841855,0,0.559955755,0,1.008169868,0,0,0,0,0,11
M13-100818-RH,R,R,2,0,0,0,0,0,0,0,0,0,0,0.663482502,0,0,0,0,0,0,0,0,0,0,0,0,0,0,0,0,0,2
M14-100818-LH,R,L,3,0,0.514101725,0,0,0,0,0,2.338110764,0,1.371106607,1.449266,1.208800362,0,5.57803594,0,0.298649441,0,1.470533088,1.28705505,1.027994297,0.61698059,0,0.625230353,0,0,0,0,0,13
M14-100818-RH,R,R,3,0,0,0,0,0,0,0,0.683285785,0,0,0.528592884,0.626700309,0,0,0.794634958,0,0,0,0,0,0,0,0,0,0,0,0,0,5
F5-092718-LH,R,L,4,0,0,0,0,0.72925312,0,0,8.131220265,0,0,0,0,0,0,0,0,0,0,0,0,0,0,0,0,0,0,0,0.643682479,4
F5-092718-RH,R,R,4,0,0.500433092,0.573010012,0,3.065260536,0.542375,0,5.98266741,0,1.418623607,0.664313,0.946078,0,0,0,0,0,3.857621762,0.535975,0,0,0,0.834333577,0,0,0,0,0,12
F10-092718-LH,R,L,5,0,0,0,0,1.627104025,0,0,3.946223756,0,0.666808587,0.509064,0.525011,0,0,0,0,0,3.985111508,0,1.570422,0,0,0.531473276,0,0,0,0,0,9
F10-092718-RH,R,R,5,0,0.688575478,0.692658427,0,3.822382501,0.498764,0,4.618168071,0.337070429,2.401339958,1.084463,1.007777,0,0,0.5883405,0,0,3.785838657,1.24986,1.839609,0.615896,0,2.076128417,0,0,0,0,0.816244196,17
M11-092718-LH,R,L,6,0,0.856872285,1.4028294,0,2.613465175,0.288083,0,4.665568936,0.774406429,2.542375805,0.671282,0,0,0,0,0,0,7.72672921,0.671282,0,0,0,1.621208168,0,0,0,0,1.616876775,13
M11-092718-RH,R,R,6,0,0.55855658,0,0.598403,1.749219998,0.859648,0,5.327151376,0.763050571,3.06142818,0.534051,0.727359,0,0,0,0,0,4.670436347,0.534051,1.275785,0,0,1.275486047,0,0,0,0,2.331352456,15
M12-092718-LH,R,L,7,0,0.574050512,0,0,1.149189781,0.442191,0,5.899465955,0.688685857,0.785489648,0.759839,0.718139,0,0,0,0,0,5.381869428,0.759839,0.536801,0,2.72606,0.883028437,0,0,0,0,1.608575121,15
M12-092718-RH,R,R,7,0,1.074576854,0,0,1.265574737,0.540217,0,7.048403141,0.630974143,0.792977647,0.84737,0.706506,0,0,0,0,0,5.186828247,0.84737,0.638964,0,2.740798,0.807063696,0,0,0,0,1.836280859,15
F11-100118-LH,R,L,8,0,0,0,0,0,0,0,3.014771582,0,0.559174659,0,0.589937,0,0.874475,1.921677,0,0,2.370275946,25.648704,0,0,0,0.529298322,0,1.055334,0,12.3546409,0,11
F11-100118-RH,R,R,8,0,0,0,0,0,0,0,5.47250474,0,0,0,0.662829,0,0,0,0,0,2.878512621,0.670331,0,0,0,0,0,0,0,21.5085478,0,6
F12-100118-LH,R,L,9,0,0,0.692825322,0,0,1.08359,0,4.083720208,0,0.840529991,2.35057344,0.927719,0,1.566838,2.4662975,0,0,2.391810749,3.374301,0,0.5466555,1.347453,0.865915206,0,1.469721,0,10.53347115,0,16
F12-100118-RH,R,R,9,0,0.581426688,0.894853418,0,0,0.956039,0,16.39409618,0.697072375,1.495977356,0,0.71409,0,0,0.830503,0.677496,0,5.542056958,2.178932,0.690525,0,3.114908,1.51981,0,0,0,48.10468735,0,16
F13-100118-LH,R,L,10,0,2.161884038,0.592489315,0,0.589845894,0,0,4.938589144,0,1.424180067,1.052782617,1.043986,0,1.405993,2.7300255,0,0,3.636956995,29.102695,1.123272,0.9059955,2.046757,1.76476721,0,1.694087,0,25.35324724,0,18
F13-100118-RH,R,R,10,0,1.874895677,0.753984621,0,0,0.586652,0,7.907244089,0,1.66999094,0,1.343995,0,2.648069,0,0,0,5.06607346,0.837225,1.566752,0.764191,0,2.867453347,0,1.225649,0,50.06968317,0,15